mse,rmse,r2
6808.4163713877115,82.51312847897425,0.4867720161930231
