mse,rmse,r2
7652.122395947806,87.47641051133617,0.8330870585395603
