mse,rmse,r2
45881.270617193826,214.1991377601549,0.8642779722227076
