mse,rmse,r2
262.26700060247595,98.31394215647823,0.7134474156273336
