mse,rmse,r2
7241.051937733754,85.09437077582602,0.7406227300769166
