mse,rmse,r2
6189.253861063539,78.67181109561123,0.8466717028153287
