mse,rmse,r2
2376.7741838484676,48.75217106805058,0.6787298470788932
