mse,rmse,r2
65169.99829749584,255.28415206881888,0.7824214052801426
