mse,rmse,r2
36399.00204635757,190.7852249162853,0.4064528549753261
