mse,rmse,r2
121565.79796216698,348.66287149934243,0.6729339955926394
