mse,rmse,r2
7462.555451949017,86.38608367062959,0.9202213560271524
