mse,rmse,r2
253723.17240963594,503.7094126672996,0.27969837536557385
