mse,rmse,r2
1840.3858950592596,42.8997190557148,0.8481705195220307
