mse,rmse,r2
23027.206354216712,151.74717906510392,0.8692364155092216
